build_id,source_id,url,sha256,bytes,fetched_at,vintage,changed,fetched_url,archived_at
2026-10-06T19:56:54Z,boe_bank_rate,https://www.bankofengland.co.uk/boeapps/database/_iadb-fromshowcolumns.asp?csv.x=yes&Datefrom=01/Jan/2018&Dateto=now&SeriesCodes=IUDBEDR&CSVF=TN&UsingCodes=Y&VPD=Y&VFD=N,beda4bd7c2a8b1b47f11051bdabca1e3f85bf2d881f48f18b28e5bed235c51ef,38247,2026-10-06T19:50:06+00:00,,False,,
2026-10-06T19:56:54Z,boe_bank_rate,https://www.bankofengland.co.uk/monetary-policy/upcoming-mpc-dates,fdd8f7bd11201875a19e8facfc0df2ff29230dc717dca2c36573c37fd8cea2a8,79164,2026-10-06T19:46:30+00:00,,False,,
2026-10-06T19:56:54Z,dwp_benefits,https://assets.publishing.service.gov.uk/media/69dcdc8c6b695d635c34dcc4/outturn-and-forecast-tables-spring-forecast-2026.xlsx,11a591e4a2144ed6a686be6a9ded4e5d5b3b8d4887bd57c1ff0632bd251009de,1707003,2026-10-06T19:53:45+00:00,DWP-SF-2026,False,,
2026-10-06T19:56:54Z,govuk_tax_rates,https://www.gov.uk/api/content/income-tax-rates,e6fc3c984516087c06d91b775e3dc15da24491b0e636858fd5f11cef75668c91,38847,2026-10-06T19:47:16+00:00,,False,,
2026-10-06T19:56:54Z,govuk_tax_rates,https://www.gov.uk/api/content/national-insurance-rates-letters,49e729ac415cfae319e7b1f006658177b1418a5214f467aac25cced0110f116d,46370,2026-10-06T19:47:16+00:00,,False,,
2026-10-06T19:56:54Z,govuk_tax_rates,https://www.gov.uk/api/content/guidance/rates-and-thresholds-for-employers-2026-to-2027,aaa2e36fbe3668b61363362250a4697273a7b8394bcdfa6109e1c434c0da9e70,48668,2026-10-06T19:47:28+00:00,,False,,
2026-10-06T19:56:54Z,govuk_tax_rates,https://www.gov.uk/api/content/guidance/rates-and-thresholds-for-employers-2025-to-2026,4d0c1e0e82ef4174e6d3a66d35d18a6c0c4565f033db5c37803cf972e26e3ea1,48122,2026-10-06T19:48:20+00:00,,False,,
2026-10-06T19:56:54Z,hmrc_reckoner,https://www.gov.uk/api/content/government/statistics/direct-effects-of-illustrative-tax-changes,d7e14de1cfe9ae36a9fc074c92e3c21cc4329664bb5eda64e7c38ea6f5aad11f,19516,2026-10-06T19:46:00+00:00,HMRC-DE-2025-06,False,,
2026-10-06T19:56:54Z,hmrc_reckoner,https://assets.publishing.service.gov.uk/media/68552862b46781eacfd71d71/June_2025_TRR_ODS__1_.ods,1201953391d6201d1df8df4d60288c9094b43e0679ebf285e82ad3c912d476c1,8236,2026-10-06T19:46:23+00:00,HMRC-DE-2025-06,False,,
2026-10-06T19:56:54Z,hmrc_reckoner,https://www.gov.uk/api/content/government/statistics/direct-effects-of-illustrative-tax-changes/direct-effects-of-illustrative-tax-changes-bulletin-january-2025,118963ba2fdd037c98048cb9e7e3da9c2f64860e2aad42ab5b8f27d0b66c0e3c,63248,2026-10-06T19:46:37+00:00,HMRC-DE-2025-06,False,,
2026-10-06T19:56:54Z,hmrc_taxpayers,https://www.gov.uk/api/content/government/statistics/number-of-individual-income-taxpayers-by-marginal-rate-gender-and-age,56fcd24e7509df907f1e45e0e940cfc4fcc733b7cee1cedb3809f690c62b5f40,11597,2026-10-06T19:49:21+00:00,HMRC-ITLS-2026-07,False,,
2026-10-06T19:56:54Z,hmrc_taxpayers,https://assets.publishing.service.gov.uk/media/6a54e2a9a4890e65cce64dd3/Table_2.1_Number_of_individual_Income_Tax_Payers.ods,caca39aca5c041081a56cf685a438769a6fbcbfe5b3f8ec8d498ec0afc2c9ed1,13000,2026-10-06T19:49:27+00:00,HMRC-ITLS-2026-07,False,,
2026-10-06T19:56:54Z,hmt_pesa,https://assets.publishing.service.gov.uk/media/6a5772e09e63154454413700/PESA_2026_CP_Chapter_4_tables.xlsx,50ae80d95c4e542c34a17dfa8bc302858ca6508b6753e27bb31920cec9bb75c4,69092,2026-10-06T19:46:44+00:00,PESA-2026,False,,
2026-10-06T19:56:54Z,hmt_pesa,https://assets.publishing.service.gov.uk/media/6a5772f59e63154454413701/PESA_2026_CP_Chapter_5_tables.xlsx,ccb4539bb837c2b6a7f9509da49bd409eb9e5a910f3332311b494291fbd33107,72078,2026-10-06T19:46:44+00:00,PESA-2026,False,,
2026-10-06T19:56:54Z,obr_databank,https://obr.uk/docs/dlm_uploads/PSF_aggregates_databank_Sep-3.xlsx,9f3c513a6940e6f75dbcc768bc95cdb5dec78fe6d49fdf3662a019645d1a88ed,513789,2026-10-06T19:46:05+00:00,OBR-PFD-2026-09,False,,
2026-10-06T19:56:54Z,obr_efo,https://obr.uk/download/march-2026-economic-and-fiscal-outlook-charts-and-tables-annex-tables/,58a0c59cac93651a477f2c097b0f99b1dbcee417e9b54e0be3c6f92294ba0ad8,117066,2026-10-06T19:46:35+00:00,EFO-2026-03,False,,
2026-10-06T19:56:54Z,obr_efo,https://obr.uk/download/march-2026-economic-and-fiscal-outlook-detailed-forecast-tables-debt-interest-ready-reckoner/,4686d4f77ccba84fa895858e45756bb0d8ed647d9f230a7fa4890c51ef9ee27f,50463,2026-10-06T19:46:13+00:00,EFO-2026-03,False,,
2026-10-06T19:56:54Z,ons_households,https://www.ons.gov.uk/file?uri=/peoplepopulationandcommunity/birthsdeathsandmarriages/families/datasets/familiesandhouseholdsfamiliesandhouseholds/current/familiesandhouseholdsuk2025.xlsx,a89eaa3d7f519bfa949c7cfa12f531b8c7a86c704adcb70e81f49567ae724a91,209085,2026-10-06T19:49:37+00:00,FH-2026-04,False,,
2026-10-06T19:56:54Z,ons_population,https://www.ons.gov.uk/generator?format=csv&uri=/peoplepopulationandcommunity/populationandmigration/populationestimates/timeseries/ukpop/pop,7bd9900dd34fc939775472a48b38f3bf65b510a68fe26265952f05182e558342,1868,2026-10-06T19:50:06+00:00,MYE-2026-10,False,,
2026-10-06T19:56:54Z,ons_psf,https://www.ons.gov.uk/file?uri=/economy/governmentpublicsectorandtaxes/publicsectorfinance/datasets/publicsectorfinances/current/pusf.csv,541a0c2d740188d37c33bd2b23c4979907c7a9388ce9988a00d520f12ff77dbb,3611274,2026-10-06T19:46:41+00:00,PSF-2026-09,False,,
2026-10-06T19:57:30Z,boe_bank_rate,https://www.bankofengland.co.uk/boeapps/database/_iadb-fromshowcolumns.asp?csv.x=yes&Datefrom=01/Jan/2018&Dateto=now&SeriesCodes=IUDBEDR&CSVF=TN&UsingCodes=Y&VPD=Y&VFD=N,beda4bd7c2a8b1b47f11051bdabca1e3f85bf2d881f48f18b28e5bed235c51ef,38247,2026-10-06T19:50:06+00:00,,False,,
2026-10-06T19:57:30Z,boe_bank_rate,https://www.bankofengland.co.uk/monetary-policy/upcoming-mpc-dates,fdd8f7bd11201875a19e8facfc0df2ff29230dc717dca2c36573c37fd8cea2a8,79164,2026-10-06T19:46:30+00:00,,False,,
2026-10-06T19:57:30Z,dwp_benefits,https://assets.publishing.service.gov.uk/media/69dcdc8c6b695d635c34dcc4/outturn-and-forecast-tables-spring-forecast-2026.xlsx,11a591e4a2144ed6a686be6a9ded4e5d5b3b8d4887bd57c1ff0632bd251009de,1707003,2026-10-06T19:53:45+00:00,DWP-SF-2026,False,,
2026-10-06T19:57:30Z,govuk_tax_rates,https://www.gov.uk/api/content/income-tax-rates,e6fc3c984516087c06d91b775e3dc15da24491b0e636858fd5f11cef75668c91,38847,2026-10-06T19:47:16+00:00,,False,,
2026-10-06T19:57:30Z,govuk_tax_rates,https://www.gov.uk/api/content/national-insurance-rates-letters,49e729ac415cfae319e7b1f006658177b1418a5214f467aac25cced0110f116d,46370,2026-10-06T19:47:16+00:00,,False,,
2026-10-06T19:57:30Z,govuk_tax_rates,https://www.gov.uk/api/content/guidance/rates-and-thresholds-for-employers-2026-to-2027,aaa2e36fbe3668b61363362250a4697273a7b8394bcdfa6109e1c434c0da9e70,48668,2026-10-06T19:47:28+00:00,,False,,
2026-10-06T19:57:30Z,govuk_tax_rates,https://www.gov.uk/api/content/guidance/rates-and-thresholds-for-employers-2025-to-2026,4d0c1e0e82ef4174e6d3a66d35d18a6c0c4565f033db5c37803cf972e26e3ea1,48122,2026-10-06T19:48:20+00:00,,False,,
2026-10-06T19:57:30Z,hmrc_reckoner,https://www.gov.uk/api/content/government/statistics/direct-effects-of-illustrative-tax-changes,d7e14de1cfe9ae36a9fc074c92e3c21cc4329664bb5eda64e7c38ea6f5aad11f,19516,2026-10-06T19:46:00+00:00,HMRC-DE-2025-06,False,,
2026-10-06T19:57:30Z,hmrc_reckoner,https://assets.publishing.service.gov.uk/media/68552862b46781eacfd71d71/June_2025_TRR_ODS__1_.ods,1201953391d6201d1df8df4d60288c9094b43e0679ebf285e82ad3c912d476c1,8236,2026-10-06T19:46:23+00:00,HMRC-DE-2025-06,False,,
2026-10-06T19:57:30Z,hmrc_reckoner,https://www.gov.uk/api/content/government/statistics/direct-effects-of-illustrative-tax-changes/direct-effects-of-illustrative-tax-changes-bulletin-january-2025,118963ba2fdd037c98048cb9e7e3da9c2f64860e2aad42ab5b8f27d0b66c0e3c,63248,2026-10-06T19:46:37+00:00,HMRC-DE-2025-06,False,,
2026-10-06T19:57:30Z,hmrc_taxpayers,https://www.gov.uk/api/content/government/statistics/number-of-individual-income-taxpayers-by-marginal-rate-gender-and-age,56fcd24e7509df907f1e45e0e940cfc4fcc733b7cee1cedb3809f690c62b5f40,11597,2026-10-06T19:49:21+00:00,HMRC-ITLS-2026-07,False,,
2026-10-06T19:57:30Z,hmrc_taxpayers,https://assets.publishing.service.gov.uk/media/6a54e2a9a4890e65cce64dd3/Table_2.1_Number_of_individual_Income_Tax_Payers.ods,caca39aca5c041081a56cf685a438769a6fbcbfe5b3f8ec8d498ec0afc2c9ed1,13000,2026-10-06T19:49:27+00:00,HMRC-ITLS-2026-07,False,,
2026-10-06T19:57:30Z,hmt_pesa,https://assets.publishing.service.gov.uk/media/6a5772e09e63154454413700/PESA_2026_CP_Chapter_4_tables.xlsx,50ae80d95c4e542c34a17dfa8bc302858ca6508b6753e27bb31920cec9bb75c4,69092,2026-10-06T19:46:44+00:00,PESA-2026,False,,
2026-10-06T19:57:30Z,hmt_pesa,https://assets.publishing.service.gov.uk/media/6a5772f59e63154454413701/PESA_2026_CP_Chapter_5_tables.xlsx,ccb4539bb837c2b6a7f9509da49bd409eb9e5a910f3332311b494291fbd33107,72078,2026-10-06T19:46:44+00:00,PESA-2026,False,,
2026-10-06T19:57:30Z,obr_databank,https://obr.uk/docs/dlm_uploads/PSF_aggregates_databank_Sep-3.xlsx,9f3c513a6940e6f75dbcc768bc95cdb5dec78fe6d49fdf3662a019645d1a88ed,513789,2026-10-06T19:46:05+00:00,OBR-PFD-2026-09,False,,
2026-10-06T19:57:30Z,obr_efo,https://obr.uk/download/march-2026-economic-and-fiscal-outlook-charts-and-tables-annex-tables/,58a0c59cac93651a477f2c097b0f99b1dbcee417e9b54e0be3c6f92294ba0ad8,117066,2026-10-06T19:46:35+00:00,EFO-2026-03,False,,
2026-10-06T19:57:30Z,obr_efo,https://obr.uk/download/march-2026-economic-and-fiscal-outlook-detailed-forecast-tables-debt-interest-ready-reckoner/,4686d4f77ccba84fa895858e45756bb0d8ed647d9f230a7fa4890c51ef9ee27f,50463,2026-10-06T19:46:13+00:00,EFO-2026-03,False,,
2026-10-06T19:57:30Z,ons_households,https://www.ons.gov.uk/file?uri=/peoplepopulationandcommunity/birthsdeathsandmarriages/families/datasets/familiesandhouseholdsfamiliesandhouseholds/current/familiesandhouseholdsuk2025.xlsx,a89eaa3d7f519bfa949c7cfa12f531b8c7a86c704adcb70e81f49567ae724a91,209085,2026-10-06T19:49:37+00:00,FH-2026-04,False,,
2026-10-06T19:57:30Z,ons_population,https://www.ons.gov.uk/generator?format=csv&uri=/peoplepopulationandcommunity/populationandmigration/populationestimates/timeseries/ukpop/pop,7bd9900dd34fc939775472a48b38f3bf65b510a68fe26265952f05182e558342,1868,2026-10-06T19:50:06+00:00,MYE-2026-10,False,,
2026-10-06T19:57:30Z,ons_psf,https://www.ons.gov.uk/file?uri=/economy/governmentpublicsectorandtaxes/publicsectorfinance/datasets/publicsectorfinances/current/pusf.csv,541a0c2d740188d37c33bd2b23c4979907c7a9388ce9988a00d520f12ff77dbb,3611274,2026-10-06T19:46:41+00:00,PSF-2026-09,False,,
2026-10-06T19:58:59Z,boe_bank_rate,https://www.bankofengland.co.uk/boeapps/database/_iadb-fromshowcolumns.asp?csv.x=yes&Datefrom=01/Jan/2018&Dateto=now&SeriesCodes=IUDBEDR&CSVF=TN&UsingCodes=Y&VPD=Y&VFD=N,beda4bd7c2a8b1b47f11051bdabca1e3f85bf2d881f48f18b28e5bed235c51ef,38247,2026-10-06T19:50:06+00:00,,False,,
2026-10-06T19:58:59Z,boe_bank_rate,https://www.bankofengland.co.uk/monetary-policy/upcoming-mpc-dates,fdd8f7bd11201875a19e8facfc0df2ff29230dc717dca2c36573c37fd8cea2a8,79164,2026-10-06T19:46:30+00:00,,False,,
2026-10-06T19:58:59Z,dwp_benefits,https://assets.publishing.service.gov.uk/media/69dcdc8c6b695d635c34dcc4/outturn-and-forecast-tables-spring-forecast-2026.xlsx,11a591e4a2144ed6a686be6a9ded4e5d5b3b8d4887bd57c1ff0632bd251009de,1707003,2026-10-06T19:53:45+00:00,DWP-SF-2026,False,,
2026-10-06T19:58:59Z,govuk_tax_rates,https://www.gov.uk/api/content/income-tax-rates,e6fc3c984516087c06d91b775e3dc15da24491b0e636858fd5f11cef75668c91,38847,2026-10-06T19:47:16+00:00,,False,,
2026-10-06T19:58:59Z,govuk_tax_rates,https://www.gov.uk/api/content/national-insurance-rates-letters,49e729ac415cfae319e7b1f006658177b1418a5214f467aac25cced0110f116d,46370,2026-10-06T19:47:16+00:00,,False,,
2026-10-06T19:58:59Z,govuk_tax_rates,https://www.gov.uk/api/content/guidance/rates-and-thresholds-for-employers-2026-to-2027,aaa2e36fbe3668b61363362250a4697273a7b8394bcdfa6109e1c434c0da9e70,48668,2026-10-06T19:47:28+00:00,,False,,
2026-10-06T19:58:59Z,govuk_tax_rates,https://www.gov.uk/api/content/guidance/rates-and-thresholds-for-employers-2025-to-2026,4d0c1e0e82ef4174e6d3a66d35d18a6c0c4565f033db5c37803cf972e26e3ea1,48122,2026-10-06T19:48:20+00:00,,False,,
2026-10-06T19:58:59Z,hmrc_reckoner,https://www.gov.uk/api/content/government/statistics/direct-effects-of-illustrative-tax-changes,d7e14de1cfe9ae36a9fc074c92e3c21cc4329664bb5eda64e7c38ea6f5aad11f,19516,2026-10-06T19:46:00+00:00,HMRC-DE-2025-06,False,,
2026-10-06T19:58:59Z,hmrc_reckoner,https://assets.publishing.service.gov.uk/media/68552862b46781eacfd71d71/June_2025_TRR_ODS__1_.ods,1201953391d6201d1df8df4d60288c9094b43e0679ebf285e82ad3c912d476c1,8236,2026-10-06T19:46:23+00:00,HMRC-DE-2025-06,False,,
2026-10-06T19:58:59Z,hmrc_reckoner,https://www.gov.uk/api/content/government/statistics/direct-effects-of-illustrative-tax-changes/direct-effects-of-illustrative-tax-changes-bulletin-january-2025,118963ba2fdd037c98048cb9e7e3da9c2f64860e2aad42ab5b8f27d0b66c0e3c,63248,2026-10-06T19:46:37+00:00,HMRC-DE-2025-06,False,,
2026-10-06T19:58:59Z,hmrc_taxpayers,https://www.gov.uk/api/content/government/statistics/number-of-individual-income-taxpayers-by-marginal-rate-gender-and-age,56fcd24e7509df907f1e45e0e940cfc4fcc733b7cee1cedb3809f690c62b5f40,11597,2026-10-06T19:49:21+00:00,HMRC-ITLS-2026-07,False,,
2026-10-06T19:58:59Z,hmrc_taxpayers,https://assets.publishing.service.gov.uk/media/6a54e2a9a4890e65cce64dd3/Table_2.1_Number_of_individual_Income_Tax_Payers.ods,caca39aca5c041081a56cf685a438769a6fbcbfe5b3f8ec8d498ec0afc2c9ed1,13000,2026-10-06T19:49:27+00:00,HMRC-ITLS-2026-07,False,,
2026-10-06T19:58:59Z,hmt_pesa,https://assets.publishing.service.gov.uk/media/6a5772e09e63154454413700/PESA_2026_CP_Chapter_4_tables.xlsx,50ae80d95c4e542c34a17dfa8bc302858ca6508b6753e27bb31920cec9bb75c4,69092,2026-10-06T19:46:44+00:00,PESA-2026,False,,
2026-10-06T19:58:59Z,hmt_pesa,https://assets.publishing.service.gov.uk/media/6a5772f59e63154454413701/PESA_2026_CP_Chapter_5_tables.xlsx,ccb4539bb837c2b6a7f9509da49bd409eb9e5a910f3332311b494291fbd33107,72078,2026-10-06T19:46:44+00:00,PESA-2026,False,,
2026-10-06T19:58:59Z,obr_databank,https://obr.uk/docs/dlm_uploads/PSF_aggregates_databank_Sep-3.xlsx,9f3c513a6940e6f75dbcc768bc95cdb5dec78fe6d49fdf3662a019645d1a88ed,513789,2026-10-06T19:46:05+00:00,OBR-PFD-2026-09,False,,
2026-10-06T19:58:59Z,obr_efo,https://obr.uk/download/march-2026-economic-and-fiscal-outlook-charts-and-tables-annex-tables/,58a0c59cac93651a477f2c097b0f99b1dbcee417e9b54e0be3c6f92294ba0ad8,117066,2026-10-06T19:46:35+00:00,EFO-2026-03,False,,
2026-10-06T19:58:59Z,obr_efo,https://obr.uk/download/march-2026-economic-and-fiscal-outlook-detailed-forecast-tables-debt-interest-ready-reckoner/,4686d4f77ccba84fa895858e45756bb0d8ed647d9f230a7fa4890c51ef9ee27f,50463,2026-10-06T19:46:13+00:00,EFO-2026-03,False,,
2026-10-06T19:58:59Z,ons_households,https://www.ons.gov.uk/file?uri=/peoplepopulationandcommunity/birthsdeathsandmarriages/families/datasets/familiesandhouseholdsfamiliesandhouseholds/current/familiesandhouseholdsuk2025.xlsx,a89eaa3d7f519bfa949c7cfa12f531b8c7a86c704adcb70e81f49567ae724a91,209085,2026-10-06T19:49:37+00:00,FH-2026-04,False,,
2026-10-06T19:58:59Z,ons_population,https://www.ons.gov.uk/generator?format=csv&uri=/peoplepopulationandcommunity/populationandmigration/populationestimates/timeseries/ukpop/pop,7bd9900dd34fc939775472a48b38f3bf65b510a68fe26265952f05182e558342,1868,2026-10-06T19:50:06+00:00,MYE-2026-10,False,,
2026-10-06T19:58:59Z,ons_psf,https://www.ons.gov.uk/file?uri=/economy/governmentpublicsectorandtaxes/publicsectorfinance/datasets/publicsectorfinances/current/pusf.csv,541a0c2d740188d37c33bd2b23c4979907c7a9388ce9988a00d520f12ff77dbb,3611274,2026-10-06T19:46:41+00:00,PSF-2026-09,False,,
2026-10-06T19:58:59Z,ons_psf_receipts,https://www.ons.gov.uk/file?uri=/economy/governmentpublicsectorandtaxes/publicsectorfinance/datasets/appendixdpublicsectorcurrentreceipts/current/publicsectorcurrentreceiptsappendixdfinal.xlsx,9c2c639268cc36d57fd4cdf9e53901e403c376a6402249d938700a0c94d402a4,228088,2026-10-06T19:48:35+00:00,PSF-2026-09,False,,
2026-10-06T20:02:04Z,boe_bank_rate,https://www.bankofengland.co.uk/boeapps/database/_iadb-fromshowcolumns.asp?csv.x=yes&Datefrom=01/Jan/2018&Dateto=now&SeriesCodes=IUDBEDR&CSVF=TN&UsingCodes=Y&VPD=Y&VFD=N,beda4bd7c2a8b1b47f11051bdabca1e3f85bf2d881f48f18b28e5bed235c51ef,38247,2026-10-06T19:50:06+00:00,,False,,
2026-10-06T20:02:04Z,boe_bank_rate,https://www.bankofengland.co.uk/monetary-policy/upcoming-mpc-dates,fdd8f7bd11201875a19e8facfc0df2ff29230dc717dca2c36573c37fd8cea2a8,79164,2026-10-06T19:46:30+00:00,,False,,
2026-10-06T20:02:04Z,dwp_benefits,https://assets.publishing.service.gov.uk/media/69dcdc8c6b695d635c34dcc4/outturn-and-forecast-tables-spring-forecast-2026.xlsx,11a591e4a2144ed6a686be6a9ded4e5d5b3b8d4887bd57c1ff0632bd251009de,1707003,2026-10-06T19:53:45+00:00,DWP-SF-2026,False,,
2026-10-06T20:02:04Z,govuk_tax_rates,https://www.gov.uk/api/content/income-tax-rates,e6fc3c984516087c06d91b775e3dc15da24491b0e636858fd5f11cef75668c91,38847,2026-10-06T19:47:16+00:00,,False,,
2026-10-06T20:02:04Z,govuk_tax_rates,https://www.gov.uk/api/content/national-insurance-rates-letters,49e729ac415cfae319e7b1f006658177b1418a5214f467aac25cced0110f116d,46370,2026-10-06T19:47:16+00:00,,False,,
2026-10-06T20:02:04Z,govuk_tax_rates,https://www.gov.uk/api/content/guidance/rates-and-thresholds-for-employers-2026-to-2027,aaa2e36fbe3668b61363362250a4697273a7b8394bcdfa6109e1c434c0da9e70,48668,2026-10-06T19:47:28+00:00,,False,,
2026-10-06T20:02:04Z,govuk_tax_rates,https://www.gov.uk/api/content/guidance/rates-and-thresholds-for-employers-2025-to-2026,4d0c1e0e82ef4174e6d3a66d35d18a6c0c4565f033db5c37803cf972e26e3ea1,48122,2026-10-06T19:48:20+00:00,,False,,
2026-10-06T20:02:04Z,hmrc_reckoner,https://www.gov.uk/api/content/government/statistics/direct-effects-of-illustrative-tax-changes,d7e14de1cfe9ae36a9fc074c92e3c21cc4329664bb5eda64e7c38ea6f5aad11f,19516,2026-10-06T19:46:00+00:00,HMRC-DE-2025-06,False,,
2026-10-06T20:02:04Z,hmrc_reckoner,https://assets.publishing.service.gov.uk/media/68552862b46781eacfd71d71/June_2025_TRR_ODS__1_.ods,1201953391d6201d1df8df4d60288c9094b43e0679ebf285e82ad3c912d476c1,8236,2026-10-06T19:46:23+00:00,HMRC-DE-2025-06,False,,
2026-10-06T20:02:04Z,hmrc_reckoner,https://www.gov.uk/api/content/government/statistics/direct-effects-of-illustrative-tax-changes/direct-effects-of-illustrative-tax-changes-bulletin-january-2025,118963ba2fdd037c98048cb9e7e3da9c2f64860e2aad42ab5b8f27d0b66c0e3c,63248,2026-10-06T19:46:37+00:00,HMRC-DE-2025-06,False,,
2026-10-06T20:02:04Z,hmrc_taxpayers,https://www.gov.uk/api/content/government/statistics/number-of-individual-income-taxpayers-by-marginal-rate-gender-and-age,56fcd24e7509df907f1e45e0e940cfc4fcc733b7cee1cedb3809f690c62b5f40,11597,2026-10-06T19:49:21+00:00,HMRC-ITLS-2026-07,False,,
2026-10-06T20:02:04Z,hmrc_taxpayers,https://assets.publishing.service.gov.uk/media/6a54e2a9a4890e65cce64dd3/Table_2.1_Number_of_individual_Income_Tax_Payers.ods,caca39aca5c041081a56cf685a438769a6fbcbfe5b3f8ec8d498ec0afc2c9ed1,13000,2026-10-06T19:49:27+00:00,HMRC-ITLS-2026-07,False,,
2026-10-06T20:02:04Z,hmt_pesa,https://assets.publishing.service.gov.uk/media/6a5772e09e63154454413700/PESA_2026_CP_Chapter_4_tables.xlsx,50ae80d95c4e542c34a17dfa8bc302858ca6508b6753e27bb31920cec9bb75c4,69092,2026-10-06T19:46:44+00:00,PESA-2026,False,,
2026-10-06T20:02:04Z,hmt_pesa,https://assets.publishing.service.gov.uk/media/6a5772f59e63154454413701/PESA_2026_CP_Chapter_5_tables.xlsx,ccb4539bb837c2b6a7f9509da49bd409eb9e5a910f3332311b494291fbd33107,72078,2026-10-06T19:46:44+00:00,PESA-2026,False,,
2026-10-06T20:02:04Z,obr_databank,https://obr.uk/docs/dlm_uploads/PSF_aggregates_databank_Sep-3.xlsx,9f3c513a6940e6f75dbcc768bc95cdb5dec78fe6d49fdf3662a019645d1a88ed,513789,2026-10-06T19:46:05+00:00,OBR-PFD-2026-09,False,,
2026-10-06T20:02:04Z,obr_efo,https://obr.uk/download/march-2026-economic-and-fiscal-outlook-charts-and-tables-annex-tables/,58a0c59cac93651a477f2c097b0f99b1dbcee417e9b54e0be3c6f92294ba0ad8,117066,2026-10-06T19:46:35+00:00,EFO-2026-03,False,,
2026-10-06T20:02:04Z,obr_efo,https://obr.uk/download/march-2026-economic-and-fiscal-outlook-detailed-forecast-tables-debt-interest-ready-reckoner/,4686d4f77ccba84fa895858e45756bb0d8ed647d9f230a7fa4890c51ef9ee27f,50463,2026-10-06T19:46:13+00:00,EFO-2026-03,False,,
2026-10-06T20:02:04Z,ons_households,https://www.ons.gov.uk/file?uri=/peoplepopulationandcommunity/birthsdeathsandmarriages/families/datasets/familiesandhouseholdsfamiliesandhouseholds/current/familiesandhouseholdsuk2025.xlsx,a89eaa3d7f519bfa949c7cfa12f531b8c7a86c704adcb70e81f49567ae724a91,209085,2026-10-06T19:49:37+00:00,FH-2026-04,False,,
2026-10-06T20:02:04Z,ons_population,https://www.ons.gov.uk/generator?format=csv&uri=/peoplepopulationandcommunity/populationandmigration/populationestimates/timeseries/ukpop/pop,7bd9900dd34fc939775472a48b38f3bf65b510a68fe26265952f05182e558342,1868,2026-10-06T19:50:06+00:00,MYE-2026-10,False,,
2026-10-06T20:02:04Z,ons_psf,https://www.ons.gov.uk/file?uri=/economy/governmentpublicsectorandtaxes/publicsectorfinance/datasets/publicsectorfinances/current/pusf.csv,541a0c2d740188d37c33bd2b23c4979907c7a9388ce9988a00d520f12ff77dbb,3611274,2026-10-06T19:46:41+00:00,PSF-2026-09,False,,
2026-10-06T20:02:04Z,ons_psf_receipts,https://www.ons.gov.uk/file?uri=/economy/governmentpublicsectorandtaxes/publicsectorfinance/datasets/appendixdpublicsectorcurrentreceipts/current/publicsectorcurrentreceiptsappendixdfinal.xlsx,9c2c639268cc36d57fd4cdf9e53901e403c376a6402249d938700a0c94d402a4,228088,2026-10-06T19:48:35+00:00,PSF-2026-09,False,,
2026-10-06T20:02:44Z,boe_bank_rate,https://www.bankofengland.co.uk/boeapps/database/_iadb-fromshowcolumns.asp?csv.x=yes&Datefrom=01/Jan/2018&Dateto=now&SeriesCodes=IUDBEDR&CSVF=TN&UsingCodes=Y&VPD=Y&VFD=N,beda4bd7c2a8b1b47f11051bdabca1e3f85bf2d881f48f18b28e5bed235c51ef,38247,2026-10-06T19:50:06+00:00,,False,,
2026-10-06T20:02:44Z,boe_bank_rate,https://www.bankofengland.co.uk/monetary-policy/upcoming-mpc-dates,fdd8f7bd11201875a19e8facfc0df2ff29230dc717dca2c36573c37fd8cea2a8,79164,2026-10-06T19:46:30+00:00,,False,,
2026-10-06T20:02:44Z,dwp_benefits,https://assets.publishing.service.gov.uk/media/69dcdc8c6b695d635c34dcc4/outturn-and-forecast-tables-spring-forecast-2026.xlsx,11a591e4a2144ed6a686be6a9ded4e5d5b3b8d4887bd57c1ff0632bd251009de,1707003,2026-10-06T19:53:45+00:00,DWP-SF-2026,False,,
2026-10-06T20:02:44Z,govuk_tax_rates,https://www.gov.uk/api/content/income-tax-rates,e6fc3c984516087c06d91b775e3dc15da24491b0e636858fd5f11cef75668c91,38847,2026-10-06T19:47:16+00:00,,False,,
2026-10-06T20:02:44Z,govuk_tax_rates,https://www.gov.uk/api/content/national-insurance-rates-letters,49e729ac415cfae319e7b1f006658177b1418a5214f467aac25cced0110f116d,46370,2026-10-06T19:47:16+00:00,,False,,
2026-10-06T20:02:44Z,govuk_tax_rates,https://www.gov.uk/api/content/guidance/rates-and-thresholds-for-employers-2026-to-2027,aaa2e36fbe3668b61363362250a4697273a7b8394bcdfa6109e1c434c0da9e70,48668,2026-10-06T19:47:28+00:00,,False,,
2026-10-06T20:02:44Z,govuk_tax_rates,https://www.gov.uk/api/content/guidance/rates-and-thresholds-for-employers-2025-to-2026,4d0c1e0e82ef4174e6d3a66d35d18a6c0c4565f033db5c37803cf972e26e3ea1,48122,2026-10-06T19:48:20+00:00,,False,,
2026-10-06T20:02:44Z,hmrc_reckoner,https://www.gov.uk/api/content/government/statistics/direct-effects-of-illustrative-tax-changes,d7e14de1cfe9ae36a9fc074c92e3c21cc4329664bb5eda64e7c38ea6f5aad11f,19516,2026-10-06T19:46:00+00:00,HMRC-DE-2025-06,False,,
2026-10-06T20:02:44Z,hmrc_reckoner,https://assets.publishing.service.gov.uk/media/68552862b46781eacfd71d71/June_2025_TRR_ODS__1_.ods,1201953391d6201d1df8df4d60288c9094b43e0679ebf285e82ad3c912d476c1,8236,2026-10-06T19:46:23+00:00,HMRC-DE-2025-06,False,,
2026-10-06T20:02:44Z,hmrc_reckoner,https://www.gov.uk/api/content/government/statistics/direct-effects-of-illustrative-tax-changes/direct-effects-of-illustrative-tax-changes-bulletin-january-2025,118963ba2fdd037c98048cb9e7e3da9c2f64860e2aad42ab5b8f27d0b66c0e3c,63248,2026-10-06T19:46:37+00:00,HMRC-DE-2025-06,False,,
2026-10-06T20:02:44Z,hmrc_taxpayers,https://www.gov.uk/api/content/government/statistics/number-of-individual-income-taxpayers-by-marginal-rate-gender-and-age,56fcd24e7509df907f1e45e0e940cfc4fcc733b7cee1cedb3809f690c62b5f40,11597,2026-10-06T19:49:21+00:00,HMRC-ITLS-2026-07,False,,
2026-10-06T20:02:44Z,hmrc_taxpayers,https://assets.publishing.service.gov.uk/media/6a54e2a9a4890e65cce64dd3/Table_2.1_Number_of_individual_Income_Tax_Payers.ods,caca39aca5c041081a56cf685a438769a6fbcbfe5b3f8ec8d498ec0afc2c9ed1,13000,2026-10-06T19:49:27+00:00,HMRC-ITLS-2026-07,False,,
2026-10-06T20:02:44Z,hmt_pesa,https://assets.publishing.service.gov.uk/media/6a5772e09e63154454413700/PESA_2026_CP_Chapter_4_tables.xlsx,50ae80d95c4e542c34a17dfa8bc302858ca6508b6753e27bb31920cec9bb75c4,69092,2026-10-06T19:46:44+00:00,PESA-2026,False,,
2026-10-06T20:02:44Z,hmt_pesa,https://assets.publishing.service.gov.uk/media/6a5772f59e63154454413701/PESA_2026_CP_Chapter_5_tables.xlsx,ccb4539bb837c2b6a7f9509da49bd409eb9e5a910f3332311b494291fbd33107,72078,2026-10-06T19:46:44+00:00,PESA-2026,False,,
2026-10-06T20:02:44Z,obr_databank,https://obr.uk/docs/dlm_uploads/PSF_aggregates_databank_Sep-3.xlsx,9f3c513a6940e6f75dbcc768bc95cdb5dec78fe6d49fdf3662a019645d1a88ed,513789,2026-10-06T19:46:05+00:00,OBR-PFD-2026-09,False,,
2026-10-06T20:02:44Z,obr_efo,https://obr.uk/download/march-2026-economic-and-fiscal-outlook-charts-and-tables-annex-tables/,58a0c59cac93651a477f2c097b0f99b1dbcee417e9b54e0be3c6f92294ba0ad8,117066,2026-10-06T19:46:35+00:00,EFO-2026-03,False,,
2026-10-06T20:02:44Z,obr_efo,https://obr.uk/download/march-2026-economic-and-fiscal-outlook-detailed-forecast-tables-debt-interest-ready-reckoner/,4686d4f77ccba84fa895858e45756bb0d8ed647d9f230a7fa4890c51ef9ee27f,50463,2026-10-06T19:46:13+00:00,EFO-2026-03,False,,
2026-10-06T20:02:44Z,ons_households,https://www.ons.gov.uk/file?uri=/peoplepopulationandcommunity/birthsdeathsandmarriages/families/datasets/familiesandhouseholdsfamiliesandhouseholds/current/familiesandhouseholdsuk2025.xlsx,a89eaa3d7f519bfa949c7cfa12f531b8c7a86c704adcb70e81f49567ae724a91,209085,2026-10-06T19:49:37+00:00,FH-2026-04,False,,
2026-10-06T20:02:44Z,ons_population,https://www.ons.gov.uk/generator?format=csv&uri=/peoplepopulationandcommunity/populationandmigration/populationestimates/timeseries/ukpop/pop,7bd9900dd34fc939775472a48b38f3bf65b510a68fe26265952f05182e558342,1868,2026-10-06T19:50:06+00:00,MYE-2026-10,False,,
2026-10-06T20:02:44Z,ons_psf,https://www.ons.gov.uk/file?uri=/economy/governmentpublicsectorandtaxes/publicsectorfinance/datasets/publicsectorfinances/current/pusf.csv,541a0c2d740188d37c33bd2b23c4979907c7a9388ce9988a00d520f12ff77dbb,3611274,2026-10-06T19:46:41+00:00,PSF-2026-09,False,,
2026-10-06T20:02:44Z,ons_psf_receipts,https://www.ons.gov.uk/file?uri=/economy/governmentpublicsectorandtaxes/publicsectorfinance/datasets/appendixdpublicsectorcurrentreceipts/current/publicsectorcurrentreceiptsappendixdfinal.xlsx,9c2c639268cc36d57fd4cdf9e53901e403c376a6402249d938700a0c94d402a4,228088,2026-10-06T19:48:35+00:00,PSF-2026-09,False,,
2026-10-06T20:47:23Z,boe_bank_rate,https://www.bankofengland.co.uk/boeapps/database/_iadb-fromshowcolumns.asp?csv.x=yes&Datefrom=01/Jan/2018&Dateto=now&SeriesCodes=IUDBEDR&CSVF=TN&UsingCodes=Y&VPD=Y&VFD=N,beda4bd7c2a8b1b47f11051bdabca1e3f85bf2d881f48f18b28e5bed235c51ef,38247,2026-10-06T19:50:06+00:00,,False,,
2026-10-06T20:47:23Z,boe_bank_rate,https://www.bankofengland.co.uk/monetary-policy/upcoming-mpc-dates,fdd8f7bd11201875a19e8facfc0df2ff29230dc717dca2c36573c37fd8cea2a8,79164,2026-10-06T19:46:30+00:00,,False,,
2026-10-06T20:47:23Z,dwp_benefits,https://assets.publishing.service.gov.uk/media/69dcdc8c6b695d635c34dcc4/outturn-and-forecast-tables-spring-forecast-2026.xlsx,11a591e4a2144ed6a686be6a9ded4e5d5b3b8d4887bd57c1ff0632bd251009de,1707003,2026-10-06T19:53:45+00:00,DWP-SF-2026,False,,
2026-10-06T20:47:23Z,govuk_tax_rates,https://www.gov.uk/api/content/income-tax-rates,e6fc3c984516087c06d91b775e3dc15da24491b0e636858fd5f11cef75668c91,38847,2026-10-06T19:47:16+00:00,,False,,
2026-10-06T20:47:23Z,govuk_tax_rates,https://www.gov.uk/api/content/national-insurance-rates-letters,49e729ac415cfae319e7b1f006658177b1418a5214f467aac25cced0110f116d,46370,2026-10-06T19:47:16+00:00,,False,,
2026-10-06T20:47:23Z,govuk_tax_rates,https://www.gov.uk/api/content/guidance/rates-and-thresholds-for-employers-2026-to-2027,aaa2e36fbe3668b61363362250a4697273a7b8394bcdfa6109e1c434c0da9e70,48668,2026-10-06T19:47:28+00:00,,False,,
2026-10-06T20:47:23Z,govuk_tax_rates,https://www.gov.uk/api/content/guidance/rates-and-thresholds-for-employers-2025-to-2026,4d0c1e0e82ef4174e6d3a66d35d18a6c0c4565f033db5c37803cf972e26e3ea1,48122,2026-10-06T19:48:20+00:00,,False,,
2026-10-06T20:47:23Z,govuk_tax_rates,https://www.gov.uk/api/content/government/publications/rates-and-allowances-excise-duty-hydrocarbon-oils/excise-duty-hydrocarbon-oils-rates,2076a211e1a3588adff123c6e9fabbe3b3bf9de9b47999192137d21faa794b1e,11864,2026-10-06T20:41:53+00:00,,False,,
2026-10-06T20:47:23Z,govuk_tax_rates,https://www.gov.uk/api/content/government/publications/amended-fuel-duty-rates-for-2026-to-2027/amended-fuel-duty-rates-2026-to-2027,88adb5e8312eb2f366d4f93265181196c377a9b7cac425702441bbb51c730afb,21762,2026-10-06T20:42:21+00:00,,False,,
2026-10-06T20:47:23Z,hmrc_reckoner,https://www.gov.uk/api/content/government/statistics/direct-effects-of-illustrative-tax-changes,d7e14de1cfe9ae36a9fc074c92e3c21cc4329664bb5eda64e7c38ea6f5aad11f,19516,2026-10-06T19:46:00+00:00,HMRC-DE-2025-06,False,,
2026-10-06T20:47:23Z,hmrc_reckoner,https://assets.publishing.service.gov.uk/media/68552862b46781eacfd71d71/June_2025_TRR_ODS__1_.ods,1201953391d6201d1df8df4d60288c9094b43e0679ebf285e82ad3c912d476c1,8236,2026-10-06T19:46:23+00:00,HMRC-DE-2025-06,False,,
2026-10-06T20:47:23Z,hmrc_reckoner,https://www.gov.uk/api/content/government/statistics/direct-effects-of-illustrative-tax-changes/direct-effects-of-illustrative-tax-changes-bulletin-january-2025,118963ba2fdd037c98048cb9e7e3da9c2f64860e2aad42ab5b8f27d0b66c0e3c,63248,2026-10-06T19:46:37+00:00,HMRC-DE-2025-06,False,,
2026-10-06T20:47:23Z,hmrc_taxpayers,https://www.gov.uk/api/content/government/statistics/number-of-individual-income-taxpayers-by-marginal-rate-gender-and-age,56fcd24e7509df907f1e45e0e940cfc4fcc733b7cee1cedb3809f690c62b5f40,11597,2026-10-06T19:49:21+00:00,HMRC-ITLS-2026-07,False,,
2026-10-06T20:47:23Z,hmrc_taxpayers,https://assets.publishing.service.gov.uk/media/6a54e2a9a4890e65cce64dd3/Table_2.1_Number_of_individual_Income_Tax_Payers.ods,caca39aca5c041081a56cf685a438769a6fbcbfe5b3f8ec8d498ec0afc2c9ed1,13000,2026-10-06T19:49:27+00:00,HMRC-ITLS-2026-07,False,,
2026-10-06T20:47:23Z,hmt_pesa,https://assets.publishing.service.gov.uk/media/6a5772e09e63154454413700/PESA_2026_CP_Chapter_4_tables.xlsx,50ae80d95c4e542c34a17dfa8bc302858ca6508b6753e27bb31920cec9bb75c4,69092,2026-10-06T19:46:44+00:00,PESA-2026,False,,
2026-10-06T20:47:23Z,hmt_pesa,https://assets.publishing.service.gov.uk/media/6a5772f59e63154454413701/PESA_2026_CP_Chapter_5_tables.xlsx,ccb4539bb837c2b6a7f9509da49bd409eb9e5a910f3332311b494291fbd33107,72078,2026-10-06T19:46:44+00:00,PESA-2026,False,,
2026-10-06T20:47:23Z,obr_databank,https://obr.uk/docs/dlm_uploads/PSF_aggregates_databank_Sep-3.xlsx,9f3c513a6940e6f75dbcc768bc95cdb5dec78fe6d49fdf3662a019645d1a88ed,513789,2026-10-06T19:46:05+00:00,OBR-PFD-2026-09,False,,
2026-10-06T20:47:23Z,obr_efo,https://obr.uk/download/march-2026-economic-and-fiscal-outlook-charts-and-tables-annex-tables/,58a0c59cac93651a477f2c097b0f99b1dbcee417e9b54e0be3c6f92294ba0ad8,117066,2026-10-06T19:46:35+00:00,EFO-2026-03,False,,
2026-10-06T20:47:23Z,obr_efo,https://obr.uk/download/march-2026-economic-and-fiscal-outlook-detailed-forecast-tables-debt-interest-ready-reckoner/,4686d4f77ccba84fa895858e45756bb0d8ed647d9f230a7fa4890c51ef9ee27f,50463,2026-10-06T19:46:13+00:00,EFO-2026-03,False,,
2026-10-06T20:47:23Z,ons_households,https://www.ons.gov.uk/file?uri=/peoplepopulationandcommunity/birthsdeathsandmarriages/families/datasets/familiesandhouseholdsfamiliesandhouseholds/current/familiesandhouseholdsuk2025.xlsx,a89eaa3d7f519bfa949c7cfa12f531b8c7a86c704adcb70e81f49567ae724a91,209085,2026-10-06T19:49:37+00:00,FH-2026-04,False,,
2026-10-06T20:47:23Z,ons_population,https://www.ons.gov.uk/generator?format=csv&uri=/peoplepopulationandcommunity/populationandmigration/populationestimates/timeseries/ukpop/pop,7bd9900dd34fc939775472a48b38f3bf65b510a68fe26265952f05182e558342,1868,2026-10-06T19:50:06+00:00,MYE-2026-10,False,,
2026-10-06T20:47:23Z,ons_psf,https://www.ons.gov.uk/file?uri=/economy/governmentpublicsectorandtaxes/publicsectorfinance/datasets/publicsectorfinances/current/pusf.csv,541a0c2d740188d37c33bd2b23c4979907c7a9388ce9988a00d520f12ff77dbb,3611274,2026-10-06T19:46:41+00:00,PSF-2026-09,False,,
2026-10-06T20:47:23Z,ons_psf_receipts,https://www.ons.gov.uk/file?uri=/economy/governmentpublicsectorandtaxes/publicsectorfinance/datasets/appendixdpublicsectorcurrentreceipts/current/publicsectorcurrentreceiptsappendixdfinal.xlsx,9c2c639268cc36d57fd4cdf9e53901e403c376a6402249d938700a0c94d402a4,228088,2026-10-06T19:48:35+00:00,PSF-2026-09,False,,
2026-10-06T20:52:16Z,boe_bank_rate,https://www.bankofengland.co.uk/boeapps/database/_iadb-fromshowcolumns.asp?csv.x=yes&Datefrom=01/Jan/2018&Dateto=now&SeriesCodes=IUDBEDR&CSVF=TN&UsingCodes=Y&VPD=Y&VFD=N,beda4bd7c2a8b1b47f11051bdabca1e3f85bf2d881f48f18b28e5bed235c51ef,38247,2026-10-06T19:50:06+00:00,,False,,
2026-10-06T20:52:16Z,boe_bank_rate,https://www.bankofengland.co.uk/monetary-policy/upcoming-mpc-dates,fdd8f7bd11201875a19e8facfc0df2ff29230dc717dca2c36573c37fd8cea2a8,79164,2026-10-06T19:46:30+00:00,,False,,
2026-10-06T20:52:16Z,dwp_benefits,https://assets.publishing.service.gov.uk/media/69dcdc8c6b695d635c34dcc4/outturn-and-forecast-tables-spring-forecast-2026.xlsx,11a591e4a2144ed6a686be6a9ded4e5d5b3b8d4887bd57c1ff0632bd251009de,1707003,2026-10-06T19:53:45+00:00,DWP-SF-2026,False,,
2026-10-06T20:52:16Z,govuk_tax_rates,https://www.gov.uk/api/content/income-tax-rates,e6fc3c984516087c06d91b775e3dc15da24491b0e636858fd5f11cef75668c91,38847,2026-10-06T19:47:16+00:00,,False,,
2026-10-06T20:52:16Z,govuk_tax_rates,https://www.gov.uk/api/content/national-insurance-rates-letters,49e729ac415cfae319e7b1f006658177b1418a5214f467aac25cced0110f116d,46370,2026-10-06T19:47:16+00:00,,False,,
2026-10-06T20:52:16Z,govuk_tax_rates,https://www.gov.uk/api/content/guidance/rates-and-thresholds-for-employers-2026-to-2027,aaa2e36fbe3668b61363362250a4697273a7b8394bcdfa6109e1c434c0da9e70,48668,2026-10-06T19:47:28+00:00,,False,,
2026-10-06T20:52:16Z,govuk_tax_rates,https://www.gov.uk/api/content/guidance/rates-and-thresholds-for-employers-2025-to-2026,4d0c1e0e82ef4174e6d3a66d35d18a6c0c4565f033db5c37803cf972e26e3ea1,48122,2026-10-06T19:48:20+00:00,,False,,
2026-10-06T20:52:16Z,govuk_tax_rates,https://www.gov.uk/api/content/government/publications/rates-and-allowances-excise-duty-hydrocarbon-oils/excise-duty-hydrocarbon-oils-rates,2076a211e1a3588adff123c6e9fabbe3b3bf9de9b47999192137d21faa794b1e,11864,2026-10-06T20:41:53+00:00,,False,,
2026-10-06T20:52:16Z,govuk_tax_rates,https://www.gov.uk/api/content/government/publications/amended-fuel-duty-rates-for-2026-to-2027/amended-fuel-duty-rates-2026-to-2027,88adb5e8312eb2f366d4f93265181196c377a9b7cac425702441bbb51c730afb,21762,2026-10-06T20:42:21+00:00,,False,,
2026-10-06T20:52:16Z,hmrc_reckoner,https://www.gov.uk/api/content/government/statistics/direct-effects-of-illustrative-tax-changes,d7e14de1cfe9ae36a9fc074c92e3c21cc4329664bb5eda64e7c38ea6f5aad11f,19516,2026-10-06T19:46:00+00:00,HMRC-DE-2025-06,False,,
2026-10-06T20:52:16Z,hmrc_reckoner,https://assets.publishing.service.gov.uk/media/68552862b46781eacfd71d71/June_2025_TRR_ODS__1_.ods,1201953391d6201d1df8df4d60288c9094b43e0679ebf285e82ad3c912d476c1,8236,2026-10-06T19:46:23+00:00,HMRC-DE-2025-06,False,,
2026-10-06T20:52:16Z,hmrc_reckoner,https://www.gov.uk/api/content/government/statistics/direct-effects-of-illustrative-tax-changes/direct-effects-of-illustrative-tax-changes-bulletin-january-2025,118963ba2fdd037c98048cb9e7e3da9c2f64860e2aad42ab5b8f27d0b66c0e3c,63248,2026-10-06T19:46:37+00:00,HMRC-DE-2025-06,False,,
2026-10-06T20:52:16Z,hmrc_taxpayers,https://www.gov.uk/api/content/government/statistics/number-of-individual-income-taxpayers-by-marginal-rate-gender-and-age,56fcd24e7509df907f1e45e0e940cfc4fcc733b7cee1cedb3809f690c62b5f40,11597,2026-10-06T19:49:21+00:00,HMRC-ITLS-2026-07,False,,
2026-10-06T20:52:16Z,hmrc_taxpayers,https://assets.publishing.service.gov.uk/media/6a54e2a9a4890e65cce64dd3/Table_2.1_Number_of_individual_Income_Tax_Payers.ods,caca39aca5c041081a56cf685a438769a6fbcbfe5b3f8ec8d498ec0afc2c9ed1,13000,2026-10-06T19:49:27+00:00,HMRC-ITLS-2026-07,False,,
2026-10-06T20:52:16Z,hmt_pesa,https://assets.publishing.service.gov.uk/media/6a5772e09e63154454413700/PESA_2026_CP_Chapter_4_tables.xlsx,50ae80d95c4e542c34a17dfa8bc302858ca6508b6753e27bb31920cec9bb75c4,69092,2026-10-06T19:46:44+00:00,PESA-2026,False,,
2026-10-06T20:52:16Z,hmt_pesa,https://assets.publishing.service.gov.uk/media/6a5772f59e63154454413701/PESA_2026_CP_Chapter_5_tables.xlsx,ccb4539bb837c2b6a7f9509da49bd409eb9e5a910f3332311b494291fbd33107,72078,2026-10-06T19:46:44+00:00,PESA-2026,False,,
2026-10-06T20:52:16Z,nato_defence,https://www.nato.int/en/what-we-do/introduction-to-nato/defence-expenditures-and-natos-5-commitment,b9c0aea7dfc44bdded3476173c93241f023690ac9df7e29eb6225d681ea5b29d,338177,2026-10-06T20:48:37+00:00,,False,,
2026-10-06T20:52:16Z,nato_defence,https://www.nato.int/content/dam/nato/webready/documents/finance/def-exp-2026-en.xlsx,11e302d3f556b6df87b05413654714b0fcbb9a47ebfadfc92caed76e6a4e0988,69931,2026-10-06T20:43:43+00:00,NATO-DE-2026-07,False,,
2026-10-06T20:52:16Z,obr_databank,https://obr.uk/docs/dlm_uploads/PSF_aggregates_databank_Sep-3.xlsx,9f3c513a6940e6f75dbcc768bc95cdb5dec78fe6d49fdf3662a019645d1a88ed,513789,2026-10-06T19:46:05+00:00,OBR-PFD-2026-09,False,,
2026-10-06T20:52:16Z,obr_efo,https://obr.uk/download/march-2026-economic-and-fiscal-outlook-charts-and-tables-annex-tables/,58a0c59cac93651a477f2c097b0f99b1dbcee417e9b54e0be3c6f92294ba0ad8,117066,2026-10-06T19:46:35+00:00,EFO-2026-03,False,,
2026-10-06T20:52:16Z,obr_efo,https://obr.uk/download/march-2026-economic-and-fiscal-outlook-detailed-forecast-tables-debt-interest-ready-reckoner/,4686d4f77ccba84fa895858e45756bb0d8ed647d9f230a7fa4890c51ef9ee27f,50463,2026-10-06T19:46:13+00:00,EFO-2026-03,False,,
2026-10-06T20:52:16Z,ons_households,https://www.ons.gov.uk/file?uri=/peoplepopulationandcommunity/birthsdeathsandmarriages/families/datasets/familiesandhouseholdsfamiliesandhouseholds/current/familiesandhouseholdsuk2025.xlsx,a89eaa3d7f519bfa949c7cfa12f531b8c7a86c704adcb70e81f49567ae724a91,209085,2026-10-06T19:49:37+00:00,FH-2026-04,False,,
2026-10-06T20:52:16Z,ons_population,https://www.ons.gov.uk/generator?format=csv&uri=/peoplepopulationandcommunity/populationandmigration/populationestimates/timeseries/ukpop/pop,7bd9900dd34fc939775472a48b38f3bf65b510a68fe26265952f05182e558342,1868,2026-10-06T19:50:06+00:00,MYE-2026-10,False,,
2026-10-06T20:52:16Z,ons_psf,https://www.ons.gov.uk/file?uri=/economy/governmentpublicsectorandtaxes/publicsectorfinance/datasets/publicsectorfinances/current/pusf.csv,541a0c2d740188d37c33bd2b23c4979907c7a9388ce9988a00d520f12ff77dbb,3611274,2026-10-06T19:46:41+00:00,PSF-2026-09,False,,
2026-10-06T20:52:16Z,ons_psf_receipts,https://www.ons.gov.uk/file?uri=/economy/governmentpublicsectorandtaxes/publicsectorfinance/datasets/appendixdpublicsectorcurrentreceipts/current/publicsectorcurrentreceiptsappendixdfinal.xlsx,9c2c639268cc36d57fd4cdf9e53901e403c376a6402249d938700a0c94d402a4,228088,2026-10-06T19:48:35+00:00,PSF-2026-09,False,,
2026-10-08T06:50:35Z,obr_frs,https://obr.uk/download/july-2026-fiscal-risks-and-sustainability-charts-and-tables-chapter-3/,7ae2183f3f7a3eeee1a1447c73e3fac206722b0bf757c9773b5f30120b015c2b,1639964,2026-10-07T21:18:57+00:00,FRS-2026-07,False,https://assets.publishing.service.gov.uk/media/6a4cb54db7203c4c023fd29a/4._Fiscal_risks_and_sustainability_July_2026_charts_and_tables_-_Chapter_3.xlsx,
2026-10-08T06:50:35Z,ons_mye_components,https://www.ons.gov.uk/file?uri=/peoplepopulationandcommunity/populationandmigration/populationestimates/datasets/populationestimatesforukenglandandwalesscotlandandnorthernireland/mid2011tomid2025/myebtablesuk20112025.xlsx,d9ff4766d114ace7a40c351ba697f4a875e9e80270d9f58185319a26791f2c53,50208665,2026-10-07T21:17:55+00:00,MYEB-2026-10-01,False,https://www.ons.gov.uk/file?uri=/peoplepopulationandcommunity/populationandmigration/populationestimates/datasets/populationestimatesforukenglandandwalesscotlandandnorthernireland/mid2011tomid2025/myebtablesuk20112025.xlsx,
2026-10-08T06:50:35Z,ons_npp,https://www.ons.gov.uk/file?uri=/peoplepopulationandcommunity/populationandmigration/populationprojections/datasets/tablea11principalprojectionuksummary/2024based/ukpppsummary.xlsx,730202e92106b3451ae72039ff641b37880879b39966f617cd29b2e6efb4c07f,189189,2026-10-07T21:15:58+00:00,NPP-2024based-2026-04-28,False,https://www.ons.gov.uk/file?uri=/peoplepopulationandcommunity/populationandmigration/populationprojections/datasets/tablea11principalprojectionuksummary/2024based/ukpppsummary.xlsx,
2026-10-08T06:50:35Z,ons_npp,https://www.ons.gov.uk/file?uri=/peoplepopulationandcommunity/populationandmigration/populationprojections/datasets/tableb11highfertilityvariantuksummary/2024based/ukhppsummary1.xlsx,5eec32271fbf4b4af5a5d9240f97c702afd1b78ca0dc737300236b694edda663,189690,2026-10-07T21:16:19+00:00,NPP-2024based-2026-04-28,False,https://www.ons.gov.uk/file?uri=/peoplepopulationandcommunity/populationandmigration/populationprojections/datasets/tableb11highfertilityvariantuksummary/2024based/ukhppsummary1.xlsx,
2026-10-08T06:50:35Z,ons_npp,https://www.ons.gov.uk/file?uri=/peoplepopulationandcommunity/populationandmigration/populationprojections/datasets/tablec11lowfertilityvariantuksummary/2024based/uklppsummary.xlsx,ea21fa39247dfa9270614618d48c193447c396ac52fbc314b966b331ed4dd575,167352,2026-10-07T21:16:19+00:00,NPP-2024based-2026-04-28,False,https://www.ons.gov.uk/file?uri=/peoplepopulationandcommunity/populationandmigration/populationprojections/datasets/tablec11lowfertilityvariantuksummary/2024based/uklppsummary.xlsx,
2026-10-08T06:50:35Z,ons_npp,https://www.ons.gov.uk/file?uri=/peoplepopulationandcommunity/populationandmigration/populationprojections/datasets/tabled11highlifeexpectancyvariantuksummary/2024based/ukphpsummary.xlsx,f18611b668948ccb5034b24e66d4901cd31c3cac45c88c065882643710d7fa15,190986,2026-10-07T21:16:19+00:00,NPP-2024based-2026-04-28,False,https://www.ons.gov.uk/file?uri=/peoplepopulationandcommunity/populationandmigration/populationprojections/datasets/tabled11highlifeexpectancyvariantuksummary/2024based/ukphpsummary.xlsx,
2026-10-08T06:50:35Z,ons_npp,https://www.ons.gov.uk/file?uri=/peoplepopulationandcommunity/populationandmigration/populationprojections/datasets/tablee11lowlifeexpectancyvariantuksummary/2024based/ukplpsummary.xlsx,24bedd684c2f82d745b6b189e23566044ca2912e3f20fe43c4704fbf23c4df13,190464,2026-10-07T21:16:30+00:00,NPP-2024based-2026-04-28,False,https://www.ons.gov.uk/file?uri=/peoplepopulationandcommunity/populationandmigration/populationprojections/datasets/tablee11lowlifeexpectancyvariantuksummary/2024based/ukplpsummary.xlsx,
2026-10-08T06:50:35Z,ons_npp,https://www.ons.gov.uk/file?uri=/peoplepopulationandcommunity/populationandmigration/populationprojections/datasets/tablef11highmigrationvariantuksummary/2024based/ukpphsummary.xlsx,097b90e42c1d3a4d5399d961f0876bd47087466f54c860ab64151a912021d59d,166369,2026-10-07T21:16:30+00:00,NPP-2024based-2026-04-28,False,https://www.ons.gov.uk/file?uri=/peoplepopulationandcommunity/populationandmigration/populationprojections/datasets/tablef11highmigrationvariantuksummary/2024based/ukpphsummary.xlsx,
2026-10-08T06:50:35Z,ons_npp,https://www.ons.gov.uk/file?uri=/peoplepopulationandcommunity/populationandmigration/populationprojections/datasets/tableg11lowmigrationvariantuksummary/2024based/ukpplsummary.xlsx,a6827a694b266aeb227988d002693975a62dd0bb03e286fbbf2bb99d4c071848,167126,2026-10-07T21:16:41+00:00,NPP-2024based-2026-04-28,False,https://www.ons.gov.uk/file?uri=/peoplepopulationandcommunity/populationandmigration/populationprojections/datasets/tableg11lowmigrationvariantuksummary/2024based/ukpplsummary.xlsx,
2026-10-08T06:50:35Z,ons_npp,https://www.ons.gov.uk/file?uri=/peoplepopulationandcommunity/populationandmigration/populationprojections/datasets/tablej11zeronetmigrationnaturalchangeonlyvariantuksummary/2024based/ukppzsummary.xlsx,c88f62c255ad2119301e439efd2096c2da8ddaf877c03575b5f78c4f156f00b4,190483,2026-10-07T21:16:41+00:00,NPP-2024based-2026-04-28,False,https://www.ons.gov.uk/file?uri=/peoplepopulationandcommunity/populationandmigration/populationprojections/datasets/tablej11zeronetmigrationnaturalchangeonlyvariantuksummary/2024based/ukppzsummary.xlsx,
2026-10-08T06:50:35Z,ons_npp,https://www.ons.gov.uk/file?uri=/peoplepopulationandcommunity/populationandmigration/populationprojections/datasets/tableh11highpopulationvariantuksummary/2024based/ukhhhsummary.xlsx,24586c0bd8003d1fa297ab2bc546a16eedff5b0fb8e3bbda024c1a771b64ce8a,191609,2026-10-07T21:16:41+00:00,NPP-2024based-2026-04-28,False,https://www.ons.gov.uk/file?uri=/peoplepopulationandcommunity/populationandmigration/populationprojections/datasets/tableh11highpopulationvariantuksummary/2024based/ukhhhsummary.xlsx,
2026-10-08T06:50:35Z,ons_npp,https://www.ons.gov.uk/file?uri=/peoplepopulationandcommunity/populationandmigration/populationprojections/datasets/tablei11lowpopulationvariantuksummary/2024based/uklllsummary.xlsx,f2d308b9c71f9a0fc9e447d88b3d852f90480c2ff47868935f96795eb66635fe,167160,2026-10-07T21:17:02+00:00,NPP-2024based-2026-04-28,False,https://www.ons.gov.uk/file?uri=/peoplepopulationandcommunity/populationandmigration/populationprojections/datasets/tablei11lowpopulationvariantuksummary/2024based/uklllsummary.xlsx,
2026-10-08T06:50:35Z,ons_npp,https://www.ons.gov.uk/file?uri=/peoplepopulationandcommunity/populationandmigration/populationprojections/datasets/tablek11youngagestructurevariantuksummary/2024based/ukhlhsummary.xlsx,703d34a304d865df543d7551d9991c435c2af7d1378ce39b11cf796082617afa,190621,2026-10-07T21:17:02+00:00,NPP-2024based-2026-04-28,False,https://www.ons.gov.uk/file?uri=/peoplepopulationandcommunity/populationandmigration/populationprojections/datasets/tablek11youngagestructurevariantuksummary/2024based/ukhlhsummary.xlsx,
2026-10-08T06:50:35Z,ons_npp,https://www.ons.gov.uk/file?uri=/peoplepopulationandcommunity/populationandmigration/populationprojections/datasets/tablel11oldagestructurevariantuksummary/2024based/uklhlsummary.xlsx,11d055ff5b6f3f1a1bb05dab5208ba7e8ff981b68f823920b6719e8ea0fa59f9,168135,2026-10-07T21:17:03+00:00,NPP-2024based-2026-04-28,False,https://www.ons.gov.uk/file?uri=/peoplepopulationandcommunity/populationandmigration/populationprojections/datasets/tablel11oldagestructurevariantuksummary/2024based/uklhlsummary.xlsx,
2026-10-08T06:50:35Z,ons_npp,https://www.ons.gov.uk/file?uri=/peoplepopulationandcommunity/populationandmigration/populationprojections/datasets/tableo11replacementfertilityvariantuksummary/2024based/ukrppsummary.xlsx,18c5c3909b0c060d3eae2b2ba1f62a3bd5a1e6dcff8d2242ab53626772616645,167311,2026-10-07T21:17:23+00:00,NPP-2024based-2026-04-28,False,https://www.ons.gov.uk/file?uri=/peoplepopulationandcommunity/populationandmigration/populationprojections/datasets/tableo11replacementfertilityvariantuksummary/2024based/ukrppsummary.xlsx,
2026-10-08T06:50:35Z,ons_npp,https://www.ons.gov.uk/file?uri=/peoplepopulationandcommunity/populationandmigration/populationprojections/datasets/nolongtermmortalityimprovementvariantuksummary/2024based/ukpnpsummary.xlsx,7b096814c4a2e89a37bd323f9a5e4334921e4f2f391c767240fa88236b467fc9,187249,2026-10-07T21:17:24+00:00,NPP-2024based-2026-04-28,False,https://www.ons.gov.uk/file?uri=/peoplepopulationandcommunity/populationandmigration/populationprojections/datasets/nolongtermmortalityimprovementvariantuksummary/2024based/ukpnpsummary.xlsx,
