build_id,started_at,finished_at,git_sha,trigger,status,observations,errors,warnings
2026-10-06T19:56:54Z,2026-10-06T19:56:54+00:00,2026-10-06T19:56:56+00:00,88ac0ab,manual,failed,3281,5,8
2026-10-06T19:57:30Z,2026-10-06T19:57:30+00:00,2026-10-06T19:57:31+00:00,88ac0ab,manual,failed,3281,5,2
2026-10-06T19:58:59Z,2026-10-06T19:58:59+00:00,2026-10-06T19:59:01+00:00,88ac0ab,manual,failed,3904,5,1
2026-10-06T20:02:04Z,2026-10-06T20:02:04+00:00,2026-10-06T20:02:06+00:00,88ac0ab,manual,ok,3911,0,1
2026-10-06T20:02:44Z,2026-10-06T20:02:44+00:00,2026-10-06T20:02:46+00:00,88ac0ab,manual,ok,3911,0,1
2026-10-06T20:43:01Z,2026-10-06T20:43:01+00:00,2026-10-06T20:43:02+00:00,b652ba7,offline,ok,3911,0,1
2026-10-06T20:47:23Z,2026-10-06T20:47:23+00:00,2026-10-06T20:47:27+00:00,b652ba7,manual,ok,3914,0,1
2026-10-06T20:52:16Z,2026-10-06T20:52:16+00:00,2026-10-06T20:52:20+00:00,b652ba7,manual,ok,3940,0,1
2026-10-06T20:52:37Z,2026-10-06T20:52:37+00:00,2026-10-06T20:52:37+00:00,b652ba7,offline,ok,3940,0,1
