series_id,period,geography,value,unit,kind,source_id,vintage,quality,method_note
people.households,1996,UK,23.738,households_m,outturn,ons_households,FH-2026-04,sourced,"All households, UK, Labour Force Survey April-June 1996; thousands / 1000; 95% confidence interval +/-0.063m."
people.households,1997,UK,23.865,households_m,outturn,ons_households,FH-2026-04,sourced,"All households, UK, Labour Force Survey April-June 1997; thousands / 1000; 95% confidence interval +/-0.063m."
people.households,1998,UK,24.036,households_m,outturn,ons_households,FH-2026-04,sourced,"All households, UK, Labour Force Survey April-June 1998; thousands / 1000; 95% confidence interval +/-0.067m."
people.households,1999,UK,24.209,households_m,outturn,ons_households,FH-2026-04,sourced,"All households, UK, Labour Force Survey April-June 1999; thousands / 1000; 95% confidence interval +/-0.065m."
people.households,2000,UK,24.396,households_m,outturn,ons_households,FH-2026-04,sourced,"All households, UK, Labour Force Survey April-June 2000; thousands / 1000; 95% confidence interval +/-0.065m."
people.households,2001,UK,24.535,households_m,outturn,ons_households,FH-2026-04,sourced,"All households, UK, Labour Force Survey April-June 2001; thousands / 1000; 95% confidence interval +/-0.066m."
people.households,2002,UK,24.792,households_m,outturn,ons_households,FH-2026-04,sourced,"All households, UK, Labour Force Survey April-June 2002; thousands / 1000; 95% confidence interval +/-0.067m."
people.households,2003,UK,24.917,households_m,outturn,ons_households,FH-2026-04,sourced,"All households, UK, Labour Force Survey April-June 2003; thousands / 1000; 95% confidence interval +/-0.071m."
people.households,2004,UK,24.993,households_m,outturn,ons_households,FH-2026-04,sourced,"All households, UK, Labour Force Survey April-June 2004; thousands / 1000; 95% confidence interval +/-0.072m."
people.households,2005,UK,25.217,households_m,outturn,ons_households,FH-2026-04,sourced,"All households, UK, Labour Force Survey April-June 2005; thousands / 1000; 95% confidence interval +/-0.073m."
people.households,2006,UK,25.379,households_m,outturn,ons_households,FH-2026-04,sourced,"All households, UK, Labour Force Survey April-June 2006; thousands / 1000; 95% confidence interval +/-0.073m."
people.households,2007,UK,25.609,households_m,outturn,ons_households,FH-2026-04,sourced,"All households, UK, Labour Force Survey April-June 2007; thousands / 1000; 95% confidence interval +/-0.074m."
people.households,2008,UK,25.875,households_m,outturn,ons_households,FH-2026-04,sourced,"All households, UK, Labour Force Survey April-June 2008; thousands / 1000; 95% confidence interval +/-0.076m."
people.households,2009,UK,26.042,households_m,outturn,ons_households,FH-2026-04,sourced,"All households, UK, Labour Force Survey April-June 2009; thousands / 1000; 95% confidence interval +/-0.078m."
people.households,2010,UK,26.24,households_m,outturn,ons_households,FH-2026-04,sourced,"All households, UK, Labour Force Survey April-June 2010; thousands / 1000; 95% confidence interval +/-0.079m."
people.households,2011,UK,26.409,households_m,outturn,ons_households,FH-2026-04,sourced,"All households, UK, Labour Force Survey April-June 2011; thousands / 1000; 95% confidence interval +/-0.096m."
people.households,2012,UK,26.62,households_m,outturn,ons_households,FH-2026-04,sourced,"All households, UK, Labour Force Survey April-June 2012; thousands / 1000; 95% confidence interval +/-0.096m."
people.households,2013,UK,26.663,households_m,outturn,ons_households,FH-2026-04,sourced,"All households, UK, Labour Force Survey April-June 2013; thousands / 1000; 95% confidence interval +/-0.099m."
people.households,2014,UK,26.734,households_m,outturn,ons_households,FH-2026-04,sourced,"All households, UK, Labour Force Survey April-June 2014; thousands / 1000; 95% confidence interval +/-0.099m."
people.households,2015,UK,27.046,households_m,outturn,ons_households,FH-2026-04,sourced,"All households, UK, Labour Force Survey April-June 2015; thousands / 1000; 95% confidence interval +/-0.101m."
people.households,2016,UK,27.109,households_m,outturn,ons_households,FH-2026-04,sourced,"All households, UK, Labour Force Survey April-June 2016; thousands / 1000; 95% confidence interval +/-0.105m."
people.households,2017,UK,27.226,households_m,outturn,ons_households,FH-2026-04,sourced,"All households, UK, Labour Force Survey April-June 2017; thousands / 1000; 95% confidence interval +/-0.106m."
people.households,2018,UK,27.576,households_m,outturn,ons_households,FH-2026-04,sourced,"All households, UK, Labour Force Survey April-June 2018; thousands / 1000; 95% confidence interval +/-0.108m."
people.households,2019,UK,27.824,households_m,outturn,ons_households,FH-2026-04,sourced,"All households, UK, Labour Force Survey April-June 2019; thousands / 1000; 95% confidence interval +/-0.109m."
people.households,2020,UK,27.893,households_m,outturn,ons_households,FH-2026-04,sourced,"All households, UK, Labour Force Survey April-June 2020; thousands / 1000; 95% confidence interval +/-0.171m."
people.households,2021,UK,28.119,households_m,outturn,ons_households,FH-2026-04,sourced,"All households, UK, Labour Force Survey April-June 2021; thousands / 1000; 95% confidence interval +/-0.143m."
people.households,2022,UK,28.243,households_m,outturn,ons_households,FH-2026-04,sourced,"All households, UK, Labour Force Survey April-June 2022; thousands / 1000; 95% confidence interval +/-0.153m."
people.households,2023,UK,28.358,households_m,outturn,ons_households,FH-2026-04,sourced,"All households, UK, Labour Force Survey April-June 2023; thousands / 1000; 95% confidence interval +/-0.196m."
people.households,2024,UK,28.609,households_m,outturn,ons_households,FH-2026-04,sourced,"All households, UK, Labour Force Survey April-June 2024; thousands / 1000; 95% confidence interval +/-0.169m."
people.households,2025,UK,29.003,households_m,outturn,ons_households,FH-2026-04,sourced,"All households, UK, Labour Force Survey April-June 2025; thousands / 1000; 95% confidence interval +/-0.155m."
